Xx1,Xx2,Xx3,models,n,loc,dist
0.421260952425414,0.856611434021493,3.72601698051147,ologit,1000,-7,chisq
0.201601207848475,0.420321904230131,1.92728147961619,oprobit,1000,-7,chisq
0.104728823043246,0.177209411218793,0.970407606187018,OLS,1000,-7,chisq
0.118253046323809,0.224625901875941,0.982056695788994,KS,1000,-7,chisq
0.220145700216431,0.754683284372839,3.39818166526027,ologit,1000,-7,chisq
0.0819008229261987,0.397766078489017,1.80404075092116,oprobit,1000,-7,chisq
0.00356066253554885,0.147906829871357,0.982843327172537,OLS,1000,-7,chisq
0.270368578185282,0.571847650831248,2.5899797886253,KS,1000,-7,chisq
0.304446057710512,0.955697343239631,3.62918286440597,ologit,1000,-7,chisq
0.143523717097541,0.484169497162802,1.86010064362376,oprobit,1000,-7,chisq
0.0723907231108821,0.255459626600835,0.944663492902463,OLS,1000,-7,chisq
0.0806872757756851,0.253119640340902,0.944985791905689,KS,1000,-7,chisq
0.365699991777276,0.935243480443951,3.54995481111175,ologit,1000,-7,chisq
0.186731368186298,0.493726473613677,1.84373905785251,oprobit,1000,-7,chisq
0.096279440945445,0.271662207620295,0.922763961685788,OLS,1000,-7,chisq
0.150110552664741,0.327920551200293,1.24663420650033,KS,1000,-7,chisq
0.367210092789568,0.710966185651767,3.37001719835724,ologit,1000,-7,chisq
0.196505427391792,0.360855519103026,1.81235093582575,oprobit,1000,-7,chisq
0.1097004328698,0.182510064439446,0.979046991985191,OLS,1000,-7,chisq
0.1097004328698,0.182510064439446,0.979046991985191,KS,1000,-7,chisq
0.381458797346259,0.837295078860586,3.11724839323277,ologit,1000,-7,chisq
0.206026952747531,0.419037581659676,1.6506033157531,oprobit,1000,-7,chisq
0.129263951799338,0.243085967717612,0.93839109697835,OLS,1000,-7,chisq
0.0837911791433223,0.217989450037793,0.798080993315527,KS,1000,-7,chisq
0.484928942861351,0.798303055123838,3.23165967897476,ologit,1000,-7,chisq
0.273760407767184,0.435625772278795,1.73560103568136,oprobit,1000,-7,chisq
0.161834191592605,0.236822669489773,0.917829709869577,OLS,1000,-7,chisq
0.183006980124727,0.29655838296694,1.20683051986865,KS,1000,-7,chisq
0.453273414343971,0.765884874737282,3.8242480411652,ologit,1000,-7,chisq
0.24352354028418,0.386743437169928,2.04818726941896,oprobit,1000,-7,chisq
0.116842179120136,0.162366287744114,0.961651775018525,OLS,1000,-7,chisq
0.132418456400069,0.148141547557777,0.937981976473399,KS,1000,-7,chisq
0.360792945070352,1.11238186373936,3.68507396431486,ologit,1000,-7,chisq
0.175770579544638,0.596991625347512,1.95197338426432,oprobit,1000,-7,chisq
0.118192507024065,0.303999785763779,0.975220875993454,OLS,1000,-7,chisq
0.115056853230558,0.297881472919006,1.04703557151552,KS,1000,-7,chisq
0.363141380644437,0.913858328850278,3.47358997896506,ologit,1000,-7,chisq
0.211716927629874,0.502803768273603,1.88406687804172,oprobit,1000,-7,chisq
0.095252975119363,0.236569939793457,0.925616319705706,OLS,1000,-7,chisq
0.221745662443762,0.374719535439901,1.32372012596545,KS,1000,-7,chisq
0.448970095441584,0.813700952863238,3.35787318718746,ologit,1000,-7,chisq
0.248620249573008,0.44149363573873,1.78088580796604,oprobit,1000,-7,chisq
0.155756870592209,0.244942523322378,0.985778355440058,OLS,1000,-7,chisq
0.113905271416654,0.231408645917458,1.02256461569237,KS,1000,-7,chisq
0.314012290995936,0.78549011489304,3.49534744921545,ologit,1000,-7,chisq
0.168604795982284,0.426956524363474,1.95300521878243,oprobit,1000,-7,chisq
0.0996468239607983,0.21769653324617,0.955067547860449,OLS,1000,-7,chisq
0.0702711372003154,0.185596625938671,0.73955377434639,KS,1000,-7,chisq
0.298983443187071,0.950928348317313,3.48041685188035,ologit,1000,-7,chisq
0.140693137323654,0.526454843397047,1.8383070330326,oprobit,1000,-7,chisq
0.0568832717388501,0.270309813292299,0.978129933335212,OLS,1000,-7,chisq
0.194186214678487,0.374814501176421,1.41757227733434,KS,1000,-7,chisq
0.552901979457851,0.863185545102329,3.38953985935162,ologit,1000,-7,chisq
0.295854966981378,0.461873703892976,1.80983806602443,oprobit,1000,-7,chisq
0.171498474787725,0.239947082428224,0.923265357605132,OLS,1000,-7,chisq
0.123819252521973,0.258645448981477,1.08491342124415,KS,1000,-7,chisq
0.483987545912,0.751511359110554,3.21877743950573,ologit,1000,-7,chisq
0.27379845622066,0.408288374870665,1.78181576081178,oprobit,1000,-7,chisq
0.140303336598029,0.213324553426687,0.990585973095551,OLS,1000,-7,chisq
0.169268284038682,0.16977790979289,1.05934116855301,KS,1000,-7,chisq
0.272449617067,0.772655843189432,3.33581846304188,ologit,1000,-7,chisq
0.148500644685839,0.401648630562883,1.76101440872148,oprobit,1000,-7,chisq
0.0509953298349705,0.217872014523954,0.930007380609645,OLS,1000,-7,chisq
0.08583287745861,0.189701477768729,0.806199787000471,KS,1000,-7,chisq
0.400751368602613,0.901958249417543,3.15130541108439,ologit,1000,-7,chisq
0.213590864947171,0.469800283938328,1.65081551698447,oprobit,1000,-7,chisq
0.116577131841234,0.259935839706135,0.919621149548095,OLS,1000,-7,chisq
0.130303219955059,0.211757841850569,0.822089914126689,KS,1000,-7,chisq
0.436176284157294,0.791480720795813,3.34813105161027,ologit,1000,-7,chisq
0.21378041095559,0.404510380888066,1.7742140324347,oprobit,1000,-7,chisq
0.109957809293712,0.224287294370572,0.955690510136961,OLS,1000,-7,chisq
0.0917633330104693,0.176165080830047,0.648546595843276,KS,1000,-7,chisq
0.441140500005626,0.992582239707454,3.78026351049937,ologit,1000,-7,chisq
0.220977745181602,0.548056574054651,2.01700488234907,oprobit,1000,-7,chisq
0.119600223864131,0.260041411071152,0.958643051471226,OLS,1000,-7,chisq
0.33184576221491,0.93863457647602,3.57833774339318,KS,1000,-7,chisq
0.452334958205596,0.822147969404625,3.46836722984025,ologit,1000,-7,chisq
0.260282861676571,0.443032298935447,1.88180370803788,oprobit,1000,-7,chisq
0.13772973252121,0.224228942667559,0.92309149553338,OLS,1000,-7,chisq
0.13772973252121,0.224228942667559,0.92309149553338,KS,1000,-7,chisq
0.593277965362069,1.28691271670072,4.65455690411584,ologit,1000,0,chisq
0.331647738793868,0.702198699839345,2.53466106043089,oprobit,1000,0,chisq
0.127104490279456,0.276706230955915,1.05792744414698,OLS,1000,0,chisq
-0.683165268032583,2.8897855503144,8.39537877183334,KS,1000,0,chisq
0.581966066979854,1.27167922736102,4.55594898481042,ologit,1000,0,chisq
0.320878664484219,0.704063397168602,2.5265429570673,oprobit,1000,0,chisq
0.11555304797295,0.32436154232046,0.979676109131428,OLS,1000,0,chisq
0.11555304797295,0.32436154232046,0.979676109131428,KS,1000,0,chisq
0.427169812265175,1.18851373428255,4.26009310070969,ologit,1000,0,chisq
0.227096669072721,0.63539150776598,2.29915085291915,oprobit,1000,0,chisq
0.100804863134645,0.265978044461517,1.00383480388737,OLS,1000,0,chisq
0.100804863134645,0.265978044461517,1.00383480388737,KS,1000,0,chisq
0.618958082945178,1.10982959166713,4.77073733675475,ologit,1000,0,chisq
0.325481946417152,0.602357216954728,2.56678740475667,oprobit,1000,0,chisq
0.111616792147886,0.252986352946919,1.07254713309301,OLS,1000,0,chisq
0.111616792147887,0.25298635294692,1.07254713309301,KS,1000,0,chisq
0.750793937574824,1.44294206498867,5.18627397744065,ologit,1000,0,chisq
0.411932875273348,0.798217505616278,2.80167260106147,oprobit,1000,0,chisq
0.130805259725994,0.302088236324165,1.05258166662253,OLS,1000,0,chisq
0.130805259725994,0.302088236324165,1.05258166662253,KS,1000,0,chisq
0.529229636187381,1.25140881315476,4.75268777154233,ologit,1000,0,chisq
0.297213414522574,0.654495819425861,2.47569849000247,oprobit,1000,0,chisq
0.0801289742831621,0.302622027862691,1.04358503385652,OLS,1000,0,chisq
-3918.54662461838,0.104537221958514,-0.465346960113554,KS,1000,0,chisq
0.419384782318729,1.05820789900554,4.46373809527487,ologit,1000,0,chisq
0.234049495750318,0.578220791103481,2.44853801869887,oprobit,1000,0,chisq
0.0777457361300425,0.232576241024848,0.995160464064813,OLS,1000,0,chisq
0.0777457361300429,0.232576241024848,0.995160464064813,KS,1000,0,chisq
0.553245485422979,1.18156705860429,4.99722586732441,ologit,1000,0,chisq
0.284587504892536,0.650626237191371,2.71183594837542,oprobit,1000,0,chisq
0.117775612619761,0.261901169796155,1.05783718830432,OLS,1000,0,chisq
0.117775612619761,0.261318205342724,1.05812083063015,KS,1000,0,chisq
0.652314524551956,1.21071411088251,5.09365929579065,ologit,1000,0,chisq
0.360882780465238,0.687018325218103,2.85505780642153,oprobit,1000,0,chisq
0.11842141577021,0.278545885232914,1.0825589123692,OLS,1000,0,chisq
0.11842141577021,0.278545885232914,1.0825589123692,KS,1000,0,chisq
0.591042722230898,1.16104175005132,4.77478824905571,ologit,1000,0,chisq
0.296100941928103,0.614084522578706,2.48001964827694,oprobit,1000,0,chisq
0.0992669139427179,0.282438323607007,1.03685570764286,OLS,1000,0,chisq
0.0992669139427179,0.282438323607007,1.03685570764286,KS,1000,0,chisq
0.580950774742511,1.17881676008871,4.52366278488493,ologit,1000,0,chisq
0.307897302053956,0.612756631907117,2.4008216493748,oprobit,1000,0,chisq
0.116516461825313,0.271566142162435,1.03775516420881,OLS,1000,0,chisq
0.116516461825313,0.271566142162435,1.03775516420881,KS,1000,0,chisq
0.612546607722338,1.15592884985681,4.74010342843948,ologit,1000,0,chisq
0.3499401152757,0.622651120711355,2.58745953348742,oprobit,1000,0,chisq
0.136656414532323,0.255643330976727,1.03033276212826,OLS,1000,0,chisq
-4.05889213328651,23.3201652277862,75.5481715121463,KS,1000,0,chisq
0.643459444947975,1.16052232610094,4.43728077108362,ologit,1000,0,chisq
0.345458332786281,0.643743633753704,2.45797483048296,oprobit,1000,0,chisq
0.127898806813774,0.251557602058546,1.01215438995846,OLS,1000,0,chisq
0.127898806813774,0.251557602058546,1.01215438995846,KS,1000,0,chisq
0.542246720187528,1.2938349051038,4.61812556787392,ologit,1000,0,chisq
0.301369475621993,0.706243810091552,2.51876163709226,oprobit,1000,0,chisq
0.146069394163503,0.312136335520019,1.00738624493337,OLS,1000,0,chisq
0.146069394163503,0.312136335520019,1.00738624493337,KS,1000,0,chisq
0.657266906640698,1.26071770561914,4.49106073947356,ologit,1000,0,chisq
0.36116435457727,0.679924889587873,2.45209333530113,oprobit,1000,0,chisq
0.147464187498218,0.266309861960822,1.00479131427406,OLS,1000,0,chisq
-5.17684813282294,12.6130841959465,61.070382624512,KS,1000,0,chisq
0.629335980228419,0.926701878576998,4.54645684249147,ologit,1000,0,chisq
0.337296078036876,0.510839364247961,2.46631232721388,oprobit,1000,0,chisq
0.134839866392345,0.222653476122138,0.999479874028764,OLS,1000,0,chisq
0.134839866392345,0.222653476122138,0.999479874028764,KS,1000,0,chisq
0.494004370019122,1.14812461443987,4.10575729089553,ologit,1000,0,chisq
0.280693898758676,0.600255449187318,2.18076147186804,oprobit,1000,0,chisq
0.114171717304099,0.281376254056269,1.01238741879902,OLS,1000,0,chisq
0.114171717304099,0.281376254056269,1.01267286833756,KS,1000,0,chisq
0.47529657204034,1.16176573121572,4.51884016649849,ologit,1000,0,chisq
0.259391229470804,0.637643190894917,2.51568567510163,oprobit,1000,0,chisq
0.0829716431837821,0.29941765124883,1.062168401069,OLS,1000,0,chisq
3.80762130486666,-1.85919113435975,22.6244434884043,KS,1000,0,chisq
0.620314947780362,1.24820900289443,4.50757702626893,ologit,1000,0,chisq
0.334334740506108,0.682747164935961,2.48095421123759,oprobit,1000,0,chisq
0.157468321125154,0.297738749925198,1.0164908666545,OLS,1000,0,chisq
0.157468321125154,0.297738749925198,1.0164908666545,KS,1000,0,chisq
0.693701151976462,1.20757918916092,4.37237312683011,ologit,1000,0,chisq
0.35854858506976,0.647776112189928,2.3440774730047,oprobit,1000,0,chisq
0.146566016037888,0.267680378358194,0.997607285786303,OLS,1000,0,chisq
0.146566016037888,0.267680378358194,0.997607285786303,KS,1000,0,chisq
0.504748470204925,0.997502530273839,5.24699869526994,ologit,1000,7,chisq
0.266341389159911,0.542480663732763,2.83707158613195,oprobit,1000,7,chisq
0.0187513595429504,0.0214753259208475,0.104277491098968,OLS,1000,7,chisq
0.0187513595429504,0.0214753259208475,0.104277491098968,KS,1000,7,chisq
0.590727593017302,1.13643663261353,5.2417845648858,ologit,1000,7,chisq
0.325872583711188,0.59284473371519,2.76043995407746,oprobit,1000,7,chisq
0.0199600417898347,0.0370436384997483,0.169674145101168,OLS,1000,7,chisq
0.0228741669885097,0.0323052709328793,0.172936717440522,KS,1000,7,chisq
0.611860556432047,1.62326774835521,6.16714934395951,ologit,1000,7,chisq
0.346281542348375,0.900819420650026,3.34058344926317,oprobit,1000,7,chisq
0.0272733613997883,0.0619438609215916,0.169998206264173,OLS,1000,7,chisq
0.0272733613997883,0.0619438609215916,0.169998206264173,KS,1000,7,chisq
0.623940146062,1.35244753734399,6.30819816922006,ologit,1000,7,chisq
0.318184677763727,0.709179342130592,3.2543509036946,oprobit,1000,7,chisq
0.0156073642455733,0.0341778450328849,0.152807262062715,OLS,1000,7,chisq
0.0156073642455733,0.0341778450328849,0.152807262062715,KS,1000,7,chisq
0.781955760824176,1.3147996815174,7.1748572852285,ologit,1000,7,chisq
0.424460003126358,0.63696315526504,3.51459464592073,oprobit,1000,7,chisq
0.0292075066804809,0.0243834528668406,0.155705582546424,OLS,1000,7,chisq
0.0184280994095953,0.043519309870305,0.153921093513962,KS,1000,7,chisq
0.858646319622818,1.91637804423396,6.55392210476954,ologit,1000,7,chisq
0.471069295949997,1.04517609816528,3.54051546688801,oprobit,1000,7,chisq
0.0219527305809264,0.0409721196978518,0.117856851903258,OLS,1000,7,chisq
0.0219527305809264,0.0409721196978518,0.117856851903258,KS,1000,7,chisq
0.746755517852046,1.8453637285784,5.85580715815098,ologit,1000,7,chisq
0.403689585472532,1.00151734978761,3.1651673321641,oprobit,1000,7,chisq
0.00810454878214989,0.0389964275880414,0.162528868157598,OLS,1000,7,chisq
0.00810454878214989,0.0389964275880414,0.162528868157598,KS,1000,7,chisq
1.21863897564849,1.9108643975432,8.35929381615611,ologit,1000,7,chisq
0.678329385678593,1.09749799319473,4.8045706227672,oprobit,1000,7,chisq
0.028866073564495,0.0427808210720329,0.174393035773964,OLS,1000,7,chisq
0.028866073564495,0.0427808210720329,0.174393035773964,KS,1000,7,chisq
1.43089624472818,2.07954666129958,6.35065088498522,ologit,1000,7,chisq
0.748132902681857,1.10952144430068,3.41097601745353,oprobit,1000,7,chisq
0.0221248469712984,0.0416548129819611,0.122986465852661,OLS,1000,7,chisq
0.0221248469712984,0.0416548129819611,0.122986465852661,KS,1000,7,chisq
1.23545483178848,2.22210318875274,7.84249145694771,ologit,1000,7,chisq
0.660811790022501,1.17939177425512,4.23416199834871,oprobit,1000,7,chisq
0.0139551210309467,0.0561378786093145,0.140470821109983,OLS,1000,7,chisq
0.0139551210309467,0.0561378786093145,0.140470821109983,KS,1000,7,chisq
1.28135299702442,2.06482266638775,6.96211660923258,ologit,1000,7,chisq
0.659366886633791,1.13180784926522,3.7126376943434,oprobit,1000,7,chisq
0.0428962484321224,0.056156825427314,0.187819359141726,OLS,1000,7,chisq
0.0355923857944396,0.0612183962143457,0.187904947979454,KS,1000,7,chisq
0.773286580622443,1.58526391752586,7.02526727335355,ologit,1000,7,chisq
0.442771348494496,0.878632195381632,3.92095408958172,oprobit,1000,7,chisq
0.0134922029121861,0.0268274634226819,0.127620438581078,OLS,1000,7,chisq
0.0134922029121861,0.0268274634226819,0.127620438581078,KS,1000,7,chisq
0.678855654180426,1.63154752814681,5.32641290586038,ologit,1000,7,chisq
0.337110686366988,0.859617213747475,2.76391046659783,oprobit,1000,7,chisq
0.00310552290313741,0.0498464719655498,0.162521905705227,OLS,1000,7,chisq
0.00442871148695404,0.0490912499375874,0.162687854765797,KS,1000,7,chisq
0.781108019710432,1.78448076080914,7.31520172637929,ologit,1000,7,chisq
0.407197748708145,0.965243988588713,3.79819580623874,oprobit,1000,7,chisq
0.0136868004697309,0.0330807376718177,0.148242318225893,OLS,1000,7,chisq
0.0136868004697309,0.0330807376718177,0.148242318225893,KS,1000,7,chisq
0.452165239767687,1.65271484837743,7.55745058957894,ologit,1000,7,chisq
0.292383741553095,0.863096428173727,3.92204159324246,oprobit,1000,7,chisq
0.0177216819554833,0.0449681831720564,0.182850318691358,OLS,1000,7,chisq
0.0177216819554833,0.0449681831720564,0.182850318691358,KS,1000,7,chisq
0.716648947303948,1.64561809396762,6.24137485967212,ologit,1000,7,chisq
0.387014091534632,0.848317365727736,3.28679217027929,oprobit,1000,7,chisq
0.0161030232228668,0.0426391538045431,0.169193456599047,OLS,1000,7,chisq
0.0161030232228668,0.0426391538045431,0.169193456599047,KS,1000,7,chisq
0.324529927453463,1.4204547113693,5.65567815701972,ologit,1000,7,chisq
0.182436920689422,0.797458795477319,3.09063665435834,oprobit,1000,7,chisq
0.00792587377359183,0.0494069723612353,0.135588996811657,OLS,1000,7,chisq
0.00792587377359183,0.0494069723612353,0.135588996811657,KS,1000,7,chisq
1.04557190242915,1.35688745508602,6.79903897977987,ologit,1000,7,chisq
0.581839148582056,0.770453530696505,3.84921307257844,oprobit,1000,7,chisq
0.0286205223381721,0.0364499259612168,0.11346952307656,OLS,1000,7,chisq
0.0147391773408973,0.0320150290492524,0.128969180131586,KS,1000,7,chisq
0.844070180602211,1.07139917383504,6.03255265095595,ologit,1000,7,chisq
0.486806726454862,0.608825988052094,3.33168305750042,oprobit,1000,7,chisq
0.0119395991869345,0.0406433047341394,0.157083797188927,OLS,1000,7,chisq
0.0119395991869345,0.0406433047341394,0.157083797188927,KS,1000,7,chisq
1.16419542936486,1.64129343701262,6.74810088289566,ologit,1000,7,chisq
0.660730413100192,0.924742396423294,3.83440343660541,oprobit,1000,7,chisq
0.0286216315051065,0.0385783570193371,0.170211331141645,OLS,1000,7,chisq
0.0286216315051065,0.0385783570193371,0.170211331141645,KS,1000,7,chisq
0.399667033432077,0.814882600992456,3.35204630176617,ologit,2000,-7,chisq
0.217804440921327,0.417952531299798,1.78400667462033,oprobit,2000,-7,chisq
0.125256630361648,0.231917000078632,0.960519341986964,OLS,2000,-7,chisq
0.252519316368328,0.577962285831644,2.30555202339032,KS,2000,-7,chisq
0.42805713108935,0.893498443696547,3.59231942204174,ologit,2000,-7,chisq
0.235113644952627,0.48604498661075,1.93607360712686,oprobit,2000,-7,chisq
0.12715134863832,0.257508404336441,0.955561031295513,OLS,2000,-7,chisq
0.0899661452885507,0.181665855913718,0.78908851172217,KS,2000,-7,chisq
0.473623368924066,0.880835033797967,3.40953270500103,ologit,2000,-7,chisq
0.262904995188926,0.449570192825153,1.81437958181474,oprobit,2000,-7,chisq
0.131532033882649,0.229209788740419,0.954593332657293,OLS,2000,-7,chisq
0.101597212279723,0.20996387360673,0.851978448359312,KS,2000,-7,chisq
0.434940117530091,0.837200431559641,3.31377106289295,ologit,2000,-7,chisq
0.227855720509166,0.438068882075417,1.74637699967618,oprobit,2000,-7,chisq
0.12239670894398,0.240261228237362,0.944782698417588,OLS,2000,-7,chisq
0.130845597912076,0.259848630865173,1.00146256443611,KS,2000,-7,chisq
0.500759185587966,0.880385241962104,3.28395241497095,ologit,2000,-7,chisq
0.260193376620704,0.457857004884185,1.75309242037101,oprobit,2000,-7,chisq
0.139361327096375,0.258668350085507,0.940297495640679,OLS,2000,-7,chisq
0.142553162318783,0.259162592981461,0.945742292836252,KS,2000,-7,chisq
0.35962100272176,0.886602778175731,3.32553848841056,ologit,2000,-7,chisq
0.187089125238854,0.460546578094682,1.7590374729693,oprobit,2000,-7,chisq
0.101495680983661,0.255509871022225,0.931332730903656,OLS,2000,-7,chisq
0.0654059923243237,0.166380699049666,0.665020478280647,KS,2000,-7,chisq
0.51953398919157,0.846845140746936,3.64831069381306,ologit,2000,-7,chisq
0.276551381190858,0.448422446884942,1.93162987765705,oprobit,2000,-7,chisq
0.139980445023863,0.213196726810281,0.94245817881386,OLS,2000,-7,chisq
0.170013801693156,0.266760986183151,1.22848823913999,KS,2000,-7,chisq
0.414951920551933,0.799995339586937,3.18461778503778,ologit,2000,-7,chisq
0.204589476788858,0.422003853387265,1.64148067580695,oprobit,2000,-7,chisq
0.10683367048687,0.223702425936678,0.934254565746298,OLS,2000,-7,chisq
0.263205270159472,0.53499792914037,2.09294093479885,KS,2000,-7,chisq
0.427195169075127,0.830308877796157,3.22881182004847,ologit,2000,-7,chisq
0.226559835304297,0.427441381839075,1.68490553021837,oprobit,2000,-7,chisq
0.126031172886509,0.215887548636766,0.921116876067303,OLS,2000,-7,chisq
0.690111711644831,1.40951358177582,5.31583699758092,KS,2000,-7,chisq
0.390725497690442,0.7481038316005,3.26724580039598,ologit,2000,-7,chisq
0.196973446667769,0.392939998892689,1.68604441430925,oprobit,2000,-7,chisq
0.119057925482365,0.215195023819054,0.958060870234667,OLS,2000,-7,chisq
0.224876380497084,0.373211306007849,1.63641676916229,KS,2000,-7,chisq
0.319837393615718,0.829434948729778,3.26427194761368,ologit,2000,-7,chisq
0.162884061023946,0.431736704120269,1.74707221151196,oprobit,2000,-7,chisq
0.0919135122593496,0.2295739723118,0.930650211440992,OLS,2000,-7,chisq
0.363377383381449,0.646723397361708,2.57746105121122,KS,2000,-7,chisq
0.37683417395288,0.743209315429847,3.21598522352951,ologit,2000,-7,chisq
0.206421945228884,0.388099707340003,1.6842171884451,oprobit,2000,-7,chisq
0.120558180536073,0.208006892227086,0.956593807052948,OLS,2000,-7,chisq
0.168829792821712,0.329677422462598,1.38415253480011,KS,2000,-7,chisq
0.464632516479025,0.904716111732449,3.49737750184603,ologit,2000,-7,chisq
0.255673433607496,0.480799564630167,1.85441204610305,oprobit,2000,-7,chisq
0.142180079423401,0.239071591747936,0.927213445591285,OLS,2000,-7,chisq
0.133023444679209,0.228728511030402,0.972235949762336,KS,2000,-7,chisq
0.431215635727818,0.81582499918974,3.32439923400517,ologit,2000,-7,chisq
0.228847708959469,0.417094290880069,1.77295409115142,oprobit,2000,-7,chisq
0.128731483050438,0.229591651616003,0.956837892431476,OLS,2000,-7,chisq
0.0979833129608668,0.173454785750165,0.753220801593986,KS,2000,-7,chisq
0.353194073849087,0.914927061630741,3.50477815536692,ologit,2000,-7,chisq
0.183510802773539,0.485253907159622,1.85612276463291,oprobit,2000,-7,chisq
0.106082768171353,0.271269703234631,1.00467519276771,OLS,2000,-7,chisq
0.105250508010339,0.274363213105626,1.00236527753155,KS,2000,-7,chisq
0.427911633913924,0.815115304084882,3.3831658001701,ologit,2000,-7,chisq
0.228418992656044,0.436953594436962,1.78670931635955,oprobit,2000,-7,chisq
0.119939295313364,0.226169736196894,0.940021314324034,OLS,2000,-7,chisq
0.650872743920536,1.42043029051792,5.6658767436256,KS,2000,-7,chisq
0.354617913881556,0.785497898173436,3.24102318283788,ologit,2000,-7,chisq
0.181270475322892,0.404392570466281,1.74528618169669,oprobit,2000,-7,chisq
0.105637739093948,0.202585960941207,0.9573867404182,OLS,2000,-7,chisq
0.214262443312349,0.359141441934806,1.5957846883803,KS,2000,-7,chisq
0.376624898687696,0.776487239340477,3.15476226992354,ologit,2000,-7,chisq
0.188719421495203,0.4098918029217,1.65101222489903,oprobit,2000,-7,chisq
0.095800801881171,0.223209919331239,0.911917520874552,OLS,2000,-7,chisq
0.251303710011156,0.463566711173235,2.03307134433437,KS,2000,-7,chisq
0.439110207810593,0.938118705117753,3.43678109372638,ologit,2000,-7,chisq
0.222435652574397,0.494647932557724,1.8021418925017,oprobit,2000,-7,chisq
0.121582053459872,0.23750763123769,0.968275998480202,OLS,2000,-7,chisq
0.114419667946061,0.213285544739605,0.857846814867848,KS,2000,-7,chisq
0.402988605934463,0.91527188251188,3.49236592518849,ologit,2000,-7,chisq
0.216178614876614,0.477635884570951,1.83424403466665,oprobit,2000,-7,chisq
0.0969111805241985,0.234985739005848,0.919725423350913,OLS,2000,-7,chisq
0.0954776358418218,0.210651116586783,0.743323697256894,KS,2000,-7,chisq
0.52944662136082,1.20632676574899,4.57610390922395,ologit,2000,0,chisq
0.288955950968196,0.636286114389589,2.4302059025049,oprobit,2000,0,chisq
0.114837711548609,0.254282809138841,0.966980792001126,OLS,2000,0,chisq
0.114837711548609,0.254282809138841,0.966980792001126,KS,2000,0,chisq
0.516660555715107,1.11831898689948,4.51454136116273,ologit,2000,0,chisq
0.279358509487057,0.592882868604922,2.45273668024793,oprobit,2000,0,chisq
0.103980771453432,0.252974788778719,1.07363184050805,OLS,2000,0,chisq
0.103980771453432,0.252974788778719,1.07363184050805,KS,2000,0,chisq
0.546853948522758,1.04243746772832,4.66836066253584,ologit,2000,0,chisq
0.282966606694645,0.554370098045491,2.52600005670062,oprobit,2000,0,chisq
0.119557197741596,0.229411320279552,1.04124073527834,OLS,2000,0,chisq
0.119557197741596,0.229411320279552,1.04124073527834,KS,2000,0,chisq
0.643516302717629,1.14903320957451,4.65203280066892,ologit,2000,0,chisq
0.363307738211651,0.630790512368591,2.55853181026655,oprobit,2000,0,chisq
0.13429234526986,0.258085198074267,1.0416362465979,OLS,2000,0,chisq
0.13429234526986,0.258085198074267,1.0416362465979,KS,2000,0,chisq
0.543502664759211,1.19565252054291,4.86200714927399,ologit,2000,0,chisq
0.293671251694071,0.641474331875943,2.60946962107295,oprobit,2000,0,chisq
0.117071905869076,0.284394065987302,1.06684901356033,OLS,2000,0,chisq
0.117071905869076,0.284394065987302,1.06684901356033,KS,2000,0,chisq
0.61301342283584,1.22344577465992,4.51451382151659,ologit,2000,0,chisq
0.332060410596187,0.664259694229247,2.44170271801031,oprobit,2000,0,chisq
0.12413686505841,0.283182637083879,1.0016365073748,OLS,2000,0,chisq
0.12413686505841,0.283182637083879,1.0016365073748,KS,2000,0,chisq
0.703615275352149,1.20250815969987,4.78385078927406,ologit,2000,0,chisq
0.381847684133484,0.658435876438164,2.59412354645923,oprobit,2000,0,chisq
0.139222679486266,0.263114368775782,1.02584335546903,OLS,2000,0,chisq
33.4786392933072,17.0287659623017,44.090592499082,KS,2000,0,chisq
0.53427046167048,1.12530585956903,4.69435436703846,ologit,2000,0,chisq
0.287960110058277,0.594135757060723,2.4984838879203,oprobit,2000,0,chisq
0.13012736040722,0.25469108209836,1.08382538442209,OLS,2000,0,chisq
0.13012736040722,0.25469108209836,1.08382538442209,KS,2000,0,chisq
0.504447639300702,1.08146105246853,4.37509406849646,ologit,2000,0,chisq
0.271380047094581,0.575613239003326,2.35714382102539,oprobit,2000,0,chisq
0.100823149845259,0.235696036354807,1.01317078083078,OLS,2000,0,chisq
0.100823149845259,0.235696036354807,1.01317078083078,KS,2000,0,chisq
0.669383250655645,1.27002933730514,5.06646305698927,ologit,2000,0,chisq
0.367206100780699,0.710291823325127,2.82589262623305,oprobit,2000,0,chisq
0.143119097535029,0.259928860306381,1.05622786070132,OLS,2000,0,chisq
0.870575229433844,4.32945771536902,5.90699708505101,KS,2000,0,chisq
0.469153389991376,1.18326828565805,4.40431937773363,ologit,2000,0,chisq
0.264026775597972,0.655766608833735,2.44037636734855,oprobit,2000,0,chisq
0.091021116081844,0.263994280519918,0.988095324197982,OLS,2000,0,chisq
15.3659195557125,-19.3199497621681,141.733098659347,KS,2000,0,chisq
0.628134707874888,1.07704768486121,4.56079669743108,ologit,2000,0,chisq
0.349793919985333,0.588701353318411,2.48108248221096,oprobit,2000,0,chisq
0.133255870813846,0.255980594733129,1.00436217956625,OLS,2000,0,chisq
-15.3234916783921,-26.7740400385307,129.049532854988,KS,2000,0,chisq
0.635523362446813,1.29179471521347,4.85419820215983,ologit,2000,0,chisq
0.349256235278755,0.693257955164875,2.64581826366303,oprobit,2000,0,chisq
0.132562944190561,0.271028762844837,1.0373223184089,OLS,2000,0,chisq
0.132562944190561,0.271028762844837,1.0373223184089,KS,2000,0,chisq
0.494571723362792,1.09624953033172,4.4516658837959,ologit,2000,0,chisq
0.259856005170326,0.601792175677159,2.40825137776359,oprobit,2000,0,chisq
0.111098455988527,0.26349456985076,0.997315126446298,OLS,2000,0,chisq
0.111098455988527,0.26349456985076,0.997315126446298,KS,2000,0,chisq
0.576023904649525,1.25100520487747,4.75256007196623,ologit,2000,0,chisq
0.308186937875051,0.666280385593582,2.53569665019905,oprobit,2000,0,chisq
0.129874709121684,0.302245579745347,1.03391260698591,OLS,2000,0,chisq
0.129874709121684,0.302245579745347,1.03391260698591,KS,2000,0,chisq
0.50100925429001,1.13117844955857,4.57560539857677,ologit,2000,0,chisq
0.28111949229017,0.607980236059541,2.46241415464755,oprobit,2000,0,chisq
0.113745067428569,0.243604296650201,1.03904124302707,OLS,2000,0,chisq
0.113745067428569,0.243604296650201,1.03904124302707,KS,2000,0,chisq
0.552348290914684,1.11721209612651,4.81881611143397,ologit,2000,0,chisq
0.310489568163012,0.625654721676716,2.66995658086159,oprobit,2000,0,chisq
0.109293512620455,0.25791602518772,1.07220724436139,OLS,2000,0,chisq
0.109293512620455,0.25791602518772,1.07220724436139,KS,2000,0,chisq
0.61646285118234,1.2500795178029,4.73848488522514,ologit,2000,0,chisq
0.327376153889137,0.687871955020934,2.60698977171071,oprobit,2000,0,chisq
0.122007627687645,0.28104902379356,1.07187688660253,OLS,2000,0,chisq
-25.9209321469012,-16.5290665847147,-65.2129339977516,KS,2000,0,chisq
0.62050160210441,1.21001703541926,4.60584706508749,ologit,2000,0,chisq
0.34109215022895,0.662997432017906,2.51759369834091,oprobit,2000,0,chisq
0.132563917014049,0.26453830514235,1.04284211276704,OLS,2000,0,chisq
47.2620424310085,-62.6997858058665,-155.927091691422,KS,2000,0,chisq
0.575672108524629,1.21056544278193,4.75096802316714,ologit,2000,0,chisq
0.323528694919153,0.672486436410661,2.65025740715372,oprobit,2000,0,chisq
0.120507605289741,0.245478652717456,1.00813910929193,OLS,2000,0,chisq
0.425807972330466,9.78894396078088,24.4928631576866,KS,2000,0,chisq
1.09377087180717,1.83138106214869,7.1487793262242,ologit,2000,7,chisq
0.599447156260722,1.02752432051353,3.98172639349139,oprobit,2000,7,chisq
0.0103248904605369,0.0216228119130915,0.13553501911009,OLS,2000,7,chisq
0.0103248904605369,0.0216228119130915,0.13553501911009,KS,2000,7,chisq
0.8354951309658,1.45329422570315,6.59451377852345,ologit,2000,7,chisq
0.45398072875477,0.826771138991475,3.62003771009555,oprobit,2000,7,chisq
0.0220419996964496,0.0481750625477597,0.161744412006667,OLS,2000,7,chisq
0.0268345766825478,0.0370466185313389,0.16436520819971,KS,2000,7,chisq
0.555773227687723,1.42219993297484,5.86417746680618,ologit,2000,7,chisq
0.312900862258214,0.78245012510945,3.18957183886061,oprobit,2000,7,chisq
0.0138373175355358,0.0411172591075942,0.163153561969477,OLS,2000,7,chisq
0.0175276640355649,0.0405933376208737,0.162986009026477,KS,2000,7,chisq
0.996659400619424,1.92761784679465,7.17378421967463,ologit,2000,7,chisq
0.539648663239381,0.999029943753513,3.92722624598462,oprobit,2000,7,chisq
0.0201833575296772,0.0369452666883029,0.141653708777503,OLS,2000,7,chisq
0.0201833575296772,0.0369452666883029,0.141653708777503,KS,2000,7,chisq
0.32049598080869,1.18485082990526,6.26676484469292,ologit,2000,7,chisq
0.216102332128354,0.644548394324373,3.4109368526463,oprobit,2000,7,chisq
0.00421855752730938,0.0187738967614189,0.129112733526363,OLS,2000,7,chisq
0.00421855752730938,0.0187738967614189,0.129112733526363,KS,2000,7,chisq
0.625684412752086,1.5412379316014,5.67780171078067,ologit,2000,7,chisq
0.329865919153273,0.786023843109026,2.97535399016397,oprobit,2000,7,chisq
0.0221811547963979,0.0350095871774349,0.136196564313359,OLS,2000,7,chisq
0.0221811547963979,0.0350095871774349,0.136196564313359,KS,2000,7,chisq
0.402245342205722,1.19537140723433,5.72024207480189,ologit,2000,7,chisq
0.249228743778022,0.651189002531611,3.03958422051439,oprobit,2000,7,chisq
0.0163691155672632,0.0309220807163431,0.155049826366613,OLS,2000,7,chisq
0.0163691155672632,0.0309220807163431,0.155049826366613,KS,2000,7,chisq
0.224951380598351,1.45326358208172,5.23129401307938,ologit,2000,7,chisq
0.134004806312854,0.809366083425878,2.90171080447313,oprobit,2000,7,chisq
0.00619703904091974,0.0496339425711278,0.16493594782373,OLS,2000,7,chisq
0.00619703904091974,0.0496339425711278,0.16493594782373,KS,2000,7,chisq
0.617092140038223,1.40298847696297,6.09015584202687,ologit,2000,7,chisq
0.351466587801827,0.750035547927372,3.16068992660397,oprobit,2000,7,chisq
0.00373909968417396,0.0391237090100053,0.153408010240656,OLS,2000,7,chisq
0.00373909968417396,0.0391237090100053,0.153408010240656,KS,2000,7,chisq
0.43808990698855,1.54962193191636,5.86439707306591,ologit,2000,7,chisq
0.233808504985504,0.82699704728456,3.13650698035292,oprobit,2000,7,chisq
0.0165213249003864,0.0489948970481289,0.164648872339571,OLS,2000,7,chisq
0.0171379354492574,0.0335833631712479,0.169063845393843,KS,2000,7,chisq
1.14725291936721,1.56796319694638,6.93838409606689,ologit,2000,7,chisq
0.605181364323961,0.816011933451504,3.65743159736656,oprobit,2000,7,chisq
0.0410985266482303,0.0285938097181868,0.132580107607352,OLS,2000,7,chisq
0.0323747030900534,0.0290193928724602,0.134908312646331,KS,2000,7,chisq
0.891242888212067,1.73290519933933,7.04159461545454,ologit,2000,7,chisq
0.488690468312961,0.945363983395657,3.81830150478618,oprobit,2000,7,chisq
0.0191699785877122,0.0418826955432136,0.145302079939481,OLS,2000,7,chisq
0.0191699785877122,0.0418826955432136,0.145302079939481,KS,2000,7,chisq
1.07118055075223,1.81451798482466,7.07579376063858,ologit,2000,7,chisq
0.581882775119775,0.884885497632036,3.50974592504418,oprobit,2000,7,chisq
0.0298540367313727,0.04732100127439,0.155595175255839,OLS,2000,7,chisq
0.0183631861095054,0.0296136341487253,0.160622569993791,KS,2000,7,chisq
0.598084660278626,1.52811771613471,5.87291853893319,ologit,2000,7,chisq
0.297709351997354,0.861115237249637,3.21808805656542,oprobit,2000,7,chisq
0.0139721617353589,0.042086330587975,0.133353101856143,OLS,2000,7,chisq
0.0139721617353589,0.042086330587975,0.133353101856143,KS,2000,7,chisq
0.714660312925021,1.58837065333108,6.15419872635151,ologit,2000,7,chisq
0.351681642640192,0.810414646244088,3.26303851710176,oprobit,2000,7,chisq
0.0197067083905364,0.0354601240303699,0.162297155067322,OLS,2000,7,chisq
0.0211519352872088,0.0396236113812016,0.161181188992798,KS,2000,7,chisq
0.971493833478444,1.5187896760664,6.23831155366881,ologit,2000,7,chisq
0.529293222809406,0.83901982654786,3.40683090105022,oprobit,2000,7,chisq
0.0266205415061301,0.039139858200658,0.174971981038773,OLS,2000,7,chisq
0.0266205415061301,0.039139858200658,0.174971981038773,KS,2000,7,chisq
0.831063066229653,1.58814820096343,6.06387321282861,ologit,2000,7,chisq
0.462675803946977,0.880446267275962,3.34935775711556,oprobit,2000,7,chisq
0.0151553568605707,0.0317808181620811,0.141031608141167,OLS,2000,7,chisq
0.0151553568605707,0.0317808181620811,0.141031608141167,KS,2000,7,chisq
0.544790879414581,1.68506304126781,6.5947576021135,ologit,2000,7,chisq
0.318373311931082,0.908143296177269,3.59319349976478,oprobit,2000,7,chisq
0.0153184344319964,0.0463474403973476,0.159248142928083,OLS,2000,7,chisq
0.0153184344319964,0.0463474403973476,0.159248142928083,KS,2000,7,chisq
1.19923591062376,1.65897012311226,5.70833870238337,ologit,2000,7,chisq
0.611080835223021,0.8266064876095,2.93345784542479,oprobit,2000,7,chisq
0.0205864094808624,0.0354587142656899,0.121310669376354,OLS,2000,7,chisq
0.0205864094808624,0.0354587142656899,0.121310669376354,KS,2000,7,chisq
0.46296257139007,1.38385425290338,5.32047419645014,ologit,2000,7,chisq
0.260378146418476,0.765563301264194,2.91476280539661,oprobit,2000,7,chisq
0.004370973780809,0.0380590213180392,0.140921168340156,OLS,2000,7,chisq
0.0169279756073724,0.0338857949594736,0.141563397689596,KS,2000,7,chisq
0.445938572667978,0.833601751659755,3.52829684417263,ologit,5000,-7,chisq
0.245284809271097,0.441302723356947,1.88989496258487,oprobit,5000,-7,chisq
0.141565050309292,0.234026144320014,0.977791133543089,OLS,5000,-7,chisq
0.144998941286302,0.269400147546864,1.0845627906467,KS,5000,-7,chisq
0.451210672585198,0.821885849436468,3.40677459117535,ologit,5000,-7,chisq
0.236473965544581,0.434324117747569,1.81064884062124,oprobit,5000,-7,chisq
0.128360198968409,0.224641121510977,0.960964736317428,OLS,5000,-7,chisq
0.148007072721612,0.271156901054018,1.1245477464798,KS,5000,-7,chisq
0.475317558234093,0.843734779033877,3.5001382508413,ologit,5000,-7,chisq
0.251254842009808,0.44951428527424,1.87623869556546,oprobit,5000,-7,chisq
0.13150471968315,0.216375932470946,0.950366292151002,OLS,5000,-7,chisq
0.249104535545356,0.416791031249796,1.67506994738173,KS,5000,-7,chisq
0.424543253614719,0.851687743115586,3.38796946919617,ologit,5000,-7,chisq
0.217144509696187,0.450049330351405,1.80252158040398,oprobit,5000,-7,chisq
0.110763812587213,0.245840635350798,0.960190438342422,OLS,5000,-7,chisq
0.167809610805127,0.310860066529016,1.2208244318955,KS,5000,-7,chisq
0.456128535337512,0.805111192025531,3.34657829344062,ologit,5000,-7,chisq
0.240189092422453,0.425435215652658,1.77354337666012,oprobit,5000,-7,chisq
0.131368925595654,0.221905873714116,0.956216855451408,OLS,5000,-7,chisq
0.135170048624608,0.247853548531011,1.02826830843884,KS,5000,-7,chisq
0.423028684730635,0.830342663561097,3.28939640562898,ologit,5000,-7,chisq
0.215358307888787,0.436047611827216,1.74314930574928,oprobit,5000,-7,chisq
0.117524278475092,0.235367420344298,0.945483604593375,OLS,5000,-7,chisq
0.11846866977175,0.242161232197908,0.943676720624442,KS,5000,-7,chisq
0.404841717710822,0.796949809147451,3.41548357475298,ologit,5000,-7,chisq
0.212956703093337,0.423531252993543,1.83687934997949,oprobit,5000,-7,chisq
0.112241385275613,0.212498929560053,0.961648022567576,OLS,5000,-7,chisq
0.105675005102983,0.209191703969731,0.904489400557048,KS,5000,-7,chisq
0.452069635505165,0.900319329798144,3.46038627887341,ologit,5000,-7,chisq
0.238287525274614,0.485252687076148,1.84678514001464,oprobit,5000,-7,chisq
0.111962880147067,0.250333968792637,0.937516226312744,OLS,5000,-7,chisq
0.0886950446957222,0.192647586259011,0.789311086537028,KS,5000,-7,chisq
0.404803469215136,0.82683225413201,3.34475741307537,ologit,5000,-7,chisq
0.22361653127375,0.434539117789593,1.77968026492052,oprobit,5000,-7,chisq
0.13298601129511,0.223025390005099,0.951210693443081,OLS,5000,-7,chisq
0.135360616349252,0.276160077337629,1.06538888326971,KS,5000,-7,chisq
0.419984278739321,0.807943327141781,3.22359741749717,ologit,5000,-7,chisq
0.227365242144797,0.429557744949763,1.72174619228238,oprobit,5000,-7,chisq
0.123933807223889,0.237750386601087,0.935288876987503,OLS,5000,-7,chisq
0.13207292429057,0.272284624228871,1.05731570445204,KS,5000,-7,chisq
0.353128329019396,0.807365828026143,3.16466297430152,ologit,5000,-7,chisq
0.183347235699555,0.425899163182043,1.66153368424005,oprobit,5000,-7,chisq
0.111870941492278,0.239015641046585,0.939411574269693,OLS,5000,-7,chisq
0.111644628092467,0.236342135305879,0.940119513377134,KS,5000,-7,chisq
0.390690870048642,0.879772026442789,3.36069479766575,ologit,5000,-7,chisq
0.211087354221026,0.474407054064325,1.79251787103548,oprobit,5000,-7,chisq
0.113336172895626,0.244392065257699,0.945914646153392,OLS,5000,-7,chisq
0.115360008599357,0.23443435613603,0.91268558394018,KS,5000,-7,chisq
0.479390929663228,0.899382109557703,3.44247821542754,ologit,5000,-7,chisq
0.251035806434295,0.476000381143193,1.83123513856568,oprobit,5000,-7,chisq
0.12077890824551,0.25018038901758,0.950807706166578,OLS,5000,-7,chisq
0.131490395268983,0.227120423290562,0.934184076668402,KS,5000,-7,chisq
0.372295036332884,0.826054320087618,3.37375854998853,ologit,5000,-7,chisq
0.209048654160601,0.444563340688145,1.81991861027615,oprobit,5000,-7,chisq
0.119099039399228,0.232461329562258,0.942036250978276,OLS,5000,-7,chisq
0.0926743022061278,0.196909997833455,0.7725884526883,KS,5000,-7,chisq
0.416196548885124,0.823810982081786,3.53666737453229,ologit,5000,-7,chisq
0.217435884868926,0.43790890163212,1.87195117129288,oprobit,5000,-7,chisq
0.112943854647329,0.218274663369841,0.971269066885112,OLS,5000,-7,chisq
0.104546431864343,0.212898912299145,0.844984529827264,KS,5000,-7,chisq
0.374110016246437,0.851767763653052,3.36362330331183,ologit,5000,-7,chisq
0.188409376544356,0.452786995245154,1.78543005237566,oprobit,5000,-7,chisq
0.101236882359074,0.238103916244325,0.941410772983896,OLS,5000,-7,chisq
0.127831355721225,0.282510700266374,1.06656964881936,KS,5000,-7,chisq
0.410280372282273,0.798880403285079,3.24616708432809,ologit,5000,-7,chisq
0.212634876504578,0.415159533490868,1.69647893305826,oprobit,5000,-7,chisq
0.122395837564793,0.22595396812446,0.941510053354841,OLS,5000,-7,chisq
0.120698430976427,0.228343409505279,0.941159665388986,KS,5000,-7,chisq
0.367337221290694,0.875156078599271,3.36981868665557,ologit,5000,-7,chisq
0.20070405470344,0.476097738968883,1.79583617930294,oprobit,5000,-7,chisq
0.1044112356525,0.24885327086622,0.942440050068978,OLS,5000,-7,chisq
0.220212835838844,0.477183057246636,1.88362540606643,KS,5000,-7,chisq
0.404421890848478,0.922710929747371,3.48789315350567,ologit,5000,-7,chisq
0.212624769380956,0.492153140013925,1.84004455529694,oprobit,5000,-7,chisq
0.110193125616737,0.247652820165266,0.957873624326856,OLS,5000,-7,chisq
0.304258227423552,0.617708056075404,2.48192649175366,KS,5000,-7,chisq
0.401827553528829,0.827822807902321,3.42445750185028,ologit,5000,-7,chisq
0.209079906659446,0.425094798021012,1.80828227087409,oprobit,5000,-7,chisq
0.0964436639493507,0.224607410193128,0.953516505688209,OLS,5000,-7,chisq
0.11759654301274,0.235242664472022,0.950104259943198,KS,5000,-7,chisq
0.575298924220659,1.20781274354822,4.75175899000649,ologit,5000,0,chisq
0.310968969862632,0.637147161820843,2.54497598869304,oprobit,5000,0,chisq
0.128624451880665,0.272796765397303,1.04325936353116,OLS,5000,0,chisq
0.128624451880665,0.272796765397303,1.04325936353116,KS,5000,0,chisq
0.645923126868122,1.22407098653232,4.73383656526117,ologit,5000,0,chisq
0.362350275192558,0.676337992262563,2.60854419613143,oprobit,5000,0,chisq
0.138837979284731,0.282772254390854,1.04523249316424,OLS,5000,0,chisq
3.40580041585495,-1.36707790947458,23.3046471870145,KS,5000,0,chisq
0.534930425968489,1.18029848238088,4.61842916906386,ologit,5000,0,chisq
0.291234291134681,0.644169063323301,2.51236212979767,oprobit,5000,0,chisq
0.113834835488805,0.27159712236548,1.03103822094641,OLS,5000,0,chisq
0.113834835488805,0.27159712236548,1.03103822094641,KS,5000,0,chisq
0.594503815081622,1.16686445383783,4.54671503968643,ologit,5000,0,chisq
0.317914632314866,0.619152729819157,2.40889800217128,oprobit,5000,0,chisq
0.132385665215828,0.273121388291188,1.03428336857968,OLS,5000,0,chisq
0.132385665215828,0.273121388291188,1.03428336857968,KS,5000,0,chisq
0.607223469167328,1.14374362834142,4.73438315437423,ologit,5000,0,chisq
0.32517093344822,0.618570157025277,2.56097044635801,oprobit,5000,0,chisq
0.123891748986839,0.254997674446475,1.03817392696463,OLS,5000,0,chisq
0.123891748986839,0.254997674446475,1.03817392696463,KS,5000,0,chisq
0.598663726359918,1.19379085201074,4.45914039559229,ologit,5000,0,chisq
0.325671586385102,0.653512085657213,2.43406430028367,oprobit,5000,0,chisq
0.12169527707653,0.267650934065705,1.02985958642193,OLS,5000,0,chisq
0.12169527707653,0.267650934065705,1.02985958642193,KS,5000,0,chisq
0.611285405550976,1.16998322301488,4.53722056371312,ologit,5000,0,chisq
0.338131607563451,0.632124852347039,2.47055003291078,oprobit,5000,0,chisq
0.149945528073305,0.27388152855676,1.04158484537453,OLS,5000,0,chisq
-94.3327889146309,91.7602444316699,336.565961617157,KS,5000,0,chisq
0.610527524419239,1.20704582637248,4.46429558954811,ologit,5000,0,chisq
0.331641472016992,0.653871799137048,2.41167549810891,oprobit,5000,0,chisq
0.146628027868471,0.276653502913477,1.01087908491598,OLS,5000,0,chisq
0.146628027868471,0.276653502913477,1.01087908491598,KS,5000,0,chisq
0.671738871099963,1.19722536557813,4.75376756640947,ologit,5000,0,chisq
0.368561368828332,0.648319634188635,2.59156512772025,oprobit,5000,0,chisq
0.14392721138474,0.261429389789492,1.03464309130881,OLS,5000,0,chisq
28.7677860676029,29.691610732952,-302.357835709806,KS,5000,0,chisq
0.609293462022872,1.20518335292677,4.65216946662001,ologit,5000,0,chisq
0.335765496651847,0.654680704890939,2.52805338167916,oprobit,5000,0,chisq
0.138121801374789,0.27055323658864,1.0422240572279,OLS,5000,0,chisq
0.138121801374789,0.27055323658864,1.0422240572279,KS,5000,0,chisq
0.600963102495484,1.0842716757345,4.54437746272763,ologit,5000,0,chisq
0.319704055282981,0.584908652569463,2.45953039010245,oprobit,5000,0,chisq
0.128014875999025,0.25430306429497,1.03982779622452,OLS,5000,0,chisq
0.128014875999025,0.25430306429497,1.03982779622452,KS,5000,0,chisq
0.552644291224435,1.12243706020656,4.4565080018336,ologit,5000,0,chisq
0.308227897992369,0.600507775107519,2.40007477411801,oprobit,5000,0,chisq
0.139784385012168,0.249920594406437,1.01719177531817,OLS,5000,0,chisq
0.139784385012168,0.249920594406437,1.01719177531817,KS,5000,0,chisq
0.592339657005295,1.15956927661763,4.87383523924615,ologit,5000,0,chisq
0.3260814383902,0.639346741213973,2.68198186905053,oprobit,5000,0,chisq
0.125984954810574,0.245933597675278,1.03709459339932,OLS,5000,0,chisq
245.69318334885,586.87591067678,595.054647220565,KS,5000,0,chisq
0.546486255124972,1.14265763999714,4.44266546573145,ologit,5000,0,chisq
0.289254744061952,0.615845344811905,2.38384585093831,oprobit,5000,0,chisq
0.123574655065858,0.271867787526063,1.02083755223285,OLS,5000,0,chisq
0.123574655065858,0.271867787526063,1.02083755223285,KS,5000,0,chisq
0.599501977373078,1.1113511245436,4.47160371571631,ologit,5000,0,chisq
0.304975144302561,0.590081023304095,2.38042144226241,oprobit,5000,0,chisq
0.125007746212188,0.255735810199734,0.994379458949835,OLS,5000,0,chisq
0.125007746212188,0.255735810199734,0.994379458949835,KS,5000,0,chisq
0.588528711708903,1.16086645553903,4.68406288872046,ologit,5000,0,chisq
0.31625596764454,0.611789112480209,2.48902272770198,oprobit,5000,0,chisq
0.124810906723995,0.264402527139363,1.03862046074018,OLS,5000,0,chisq
0.124810906723995,0.264402527139363,1.03862046074018,KS,5000,0,chisq
0.553471283790561,1.20884478727731,4.70249477707259,ologit,5000,0,chisq
0.29971947637536,0.654852310961869,2.54237212402627,oprobit,5000,0,chisq
0.131165708783884,0.28111503609322,1.05066797346559,OLS,5000,0,chisq
0.131165708783884,0.28111503609322,1.05066797346559,KS,5000,0,chisq
0.507727576488119,1.16987595427654,4.56318465923051,ologit,5000,0,chisq
0.280343240442991,0.627990856948574,2.48579125725269,oprobit,5000,0,chisq
0.112861873936427,0.269273338542526,1.03515249973016,OLS,5000,0,chisq
0.112861873936427,0.269273338542526,1.03515249973016,KS,5000,0,chisq
0.630821918002466,1.18797227739842,4.52456700214937,ologit,5000,0,chisq
0.335060632382154,0.635979303108568,2.42675947480033,oprobit,5000,0,chisq
0.148307683830664,0.284320501941707,1.02802384519223,OLS,5000,0,chisq
0.148307683830664,0.284320501941707,1.02802384519223,KS,5000,0,chisq
0.552708660866383,1.0897685786228,4.30496076037606,ologit,5000,0,chisq
0.301189767746732,0.593163464717328,2.3327134247819,oprobit,5000,0,chisq
0.126638102508236,0.261795466384986,1.02384226752738,OLS,5000,0,chisq
0.126638102508236,0.261795466384986,1.02384226752738,KS,5000,0,chisq
0.784719801079582,1.6652307591199,6.19516472060591,ologit,5000,7,chisq
0.418105928857237,0.862377480929029,3.27054021551982,oprobit,5000,7,chisq
0.0202609456947039,0.0409314109236587,0.159604801322911,OLS,5000,7,chisq
0.0202609456947039,0.0409314109236587,0.159604801322911,KS,5000,7,chisq
0.819558110455824,1.84301252830762,6.75504767430651,ologit,5000,7,chisq
0.446110347909621,0.954872643186605,3.49610754956765,oprobit,5000,7,chisq
0.0134071339344599,0.0440615616172989,0.152507345752805,OLS,5000,7,chisq
0.0134071339344599,0.0440615616172989,0.152507345752805,KS,5000,7,chisq
0.657380699479941,1.6111337613743,6.93055254087809,ologit,5000,7,chisq
0.355931613725297,0.852890960265989,3.68507604259001,oprobit,5000,7,chisq
0.0137310335134396,0.0353807031418739,0.161661933385097,OLS,5000,7,chisq
0.0137310335134396,0.0353807031418739,0.161661933385097,KS,5000,7,chisq
0.61506951185733,1.61447544143316,6.47179318800086,ologit,5000,7,chisq
0.328868093282835,0.871273596091148,3.44257605994107,oprobit,5000,7,chisq
0.0134221501603138,0.0422467523589913,0.143857562025016,OLS,5000,7,chisq
0.0134221501603138,0.0422467523589913,0.143857562025016,KS,5000,7,chisq
1.06432816715696,1.32423435965122,6.28305302452851,ologit,5000,7,chisq
0.549939392047718,0.703412306092358,3.36485254610523,oprobit,5000,7,chisq
0.0233402226714347,0.0279012788632675,0.152132726556627,OLS,5000,7,chisq
0.0233402226714347,0.0279012788632675,0.152132726556627,KS,5000,7,chisq
0.52172923156573,1.46003405162807,5.98687249817463,ologit,5000,7,chisq
0.297267340091962,0.787550786779857,3.2432879887381,oprobit,5000,7,chisq
0.00898459167518709,0.0387227476584008,0.148927776231423,OLS,5000,7,chisq
0.00898459167518709,0.0387227476584008,0.148927776231423,KS,5000,7,chisq
0.846184172289678,1.47184025113862,5.7298517986127,ologit,5000,7,chisq
0.468785241052054,0.809560410537664,3.18917734030606,oprobit,5000,7,chisq
0.019935045236257,0.0428583256640721,0.159607026344441,OLS,5000,7,chisq
0.019935045236257,0.0428583256640721,0.159607026344441,KS,5000,7,chisq
0.592792941824504,1.43889671021776,5.61855440274067,ologit,5000,7,chisq
0.3126922122908,0.766752265070886,3.02559948764276,oprobit,5000,7,chisq
0.0139234424814812,0.0496362223773365,0.187036118044308,OLS,5000,7,chisq
0.0199571271837943,0.0515011185666133,0.18610178373852,KS,5000,7,chisq
0.903395752696111,1.64992741463454,7.00172131151789,ologit,5000,7,chisq
0.461227867437609,0.856383818270999,3.64338751537158,oprobit,5000,7,chisq
0.0251162409241132,0.0446995572563434,0.175350292471353,OLS,5000,7,chisq
0.0251162409241132,0.0446995572563434,0.175350292471353,KS,5000,7,chisq
0.81676803466229,1.52706650449521,6.79981442357671,ologit,5000,7,chisq
0.441896908160066,0.83581565238782,3.70869929533376,oprobit,5000,7,chisq
0.0143205690501713,0.0330268884575772,0.138846565775876,OLS,5000,7,chisq
0.0143205690501713,0.0330268884575772,0.138846565775876,KS,5000,7,chisq
0.597947817795753,1.59248819576714,6.54592747990391,ologit,5000,7,chisq
0.346088475758952,0.882514745812185,3.62325492626628,oprobit,5000,7,chisq
0.0125624304911189,0.0271255168907669,0.127847741415857,OLS,5000,7,chisq
0.0125624304911189,0.0271255168907669,0.127847741415857,KS,5000,7,chisq
0.647349458431089,1.61652094972452,5.94419876523947,ologit,5000,7,chisq
0.340620305000364,0.85712609341102,3.13515669940258,oprobit,5000,7,chisq
0.0162182156656884,0.038548537965143,0.140246575918714,OLS,5000,7,chisq
0.0175191113465448,0.0366058489958911,0.140627207172732,KS,5000,7,chisq
0.718986965977691,1.78415939262245,6.92678791702014,ologit,5000,7,chisq
0.391298557612824,0.969704532013023,3.77115138551989,oprobit,5000,7,chisq
0.0168519034015147,0.0336054282221468,0.138844219775045,OLS,5000,7,chisq
0.0168519034015147,0.0336054282221468,0.138844219775045,KS,5000,7,chisq
0.648931778039951,1.53485854112645,6.36930195184444,ologit,5000,7,chisq
0.347334532400117,0.815008821951656,3.39507847890828,oprobit,5000,7,chisq
0.0146087491505118,0.0417169764126997,0.161286120948757,OLS,5000,7,chisq
0.0142833539898194,0.0430412566520178,0.161005633325221,KS,5000,7,chisq
0.745452265708453,1.59052366568482,6.2968315505852,ologit,5000,7,chisq
0.416091037385758,0.87901993048795,3.46058081066461,oprobit,5000,7,chisq
0.0195507117634738,0.03795336871778,0.132963775297341,OLS,5000,7,chisq
0.0195507117634738,0.03795336871778,0.132963775297341,KS,5000,7,chisq
0.651443379918795,1.42077974146858,6.03003496429793,ologit,5000,7,chisq
0.34515890707553,0.761351818292232,3.22748100014187,oprobit,5000,7,chisq
0.0110056033304159,0.0326301961709802,0.15052151476663,OLS,5000,7,chisq
0.0110056033304159,0.0326301961709802,0.15052151476663,KS,5000,7,chisq
0.667423009634689,1.59110814749159,6.22147447293133,ologit,5000,7,chisq
0.375130276693457,0.877591846763096,3.40415898804762,oprobit,5000,7,chisq
0.0150806960979184,0.0447665919370586,0.150144547058748,OLS,5000,7,chisq
0.0150806960979184,0.0447665919370586,0.150144547058748,KS,5000,7,chisq
0.54815426806211,1.52815331842901,6.54352419752868,ologit,5000,7,chisq
0.306849989644513,0.840178295923698,3.56942699807719,oprobit,5000,7,chisq
0.0104293051606691,0.0306168891327334,0.13928048910252,OLS,5000,7,chisq
0.0104293051606691,0.0306168891327334,0.13928048910252,KS,5000,7,chisq
0.741276173437766,1.59450883209969,6.24166812741326,ologit,5000,7,chisq
0.409055595947809,0.862952256467187,3.41278892667768,oprobit,5000,7,chisq
0.0134321330805786,0.0472283663269722,0.153829536233353,OLS,5000,7,chisq
0.0134321330805786,0.0472283663269722,0.153829536233353,KS,5000,7,chisq
0.627277552899415,1.1922945437185,5.60745654330437,ologit,5000,7,chisq
0.330775065006181,0.664712192149895,3.00290461816379,oprobit,5000,7,chisq
0.0129477925887458,0.0336932260369936,0.151942500819904,OLS,5000,7,chisq
0.0129477925887458,0.0336932260369936,0.151942500819904,KS,5000,7,chisq
